{
  "n_steps": 5434,
  "n_runs": 110,
  "all": {
    "n": 5434,
    "frozen_div": 0.5211180538949576,
    "adapted_div": 0.4082434420492041,
    "div_reduction_pct": 21.660084697143454,
    "frozen_top1": 0.6456058561321719,
    "adapted_top1": 0.6353003721424774,
    "frozen_mrr": 0.7495549771865562,
    "adapted_mrr": 0.745402404612931
  },
  "first_half": {
    "n": 2743,
    "frozen_div": 0.5320873627703293,
    "adapted_div": 0.4680037310573086,
    "div_reduction_pct": 12.043817650426298,
    "frozen_top1": 0.6781706971280431,
    "adapted_top1": 0.6767124397456151,
    "frozen_mrr": 0.7730854585119987,
    "adapted_mrr": 0.7737915849290257
  },
  "second_half": {
    "n": 2691,
    "frozen_div": 0.5099367776983226,
    "adapted_div": 0.34732836484770624,
    "div_reduction_pct": 31.887955519618377,
    "frozen_top1": 0.6124117428465254,
    "adapted_top1": 0.5930880713489409,
    "frozen_mrr": 0.7255698005698006,
    "adapted_mrr": 0.7164646411023222
  },
  "frozen_progress_auc": 0.898783627120132,
  "adapted_progress_auc": 0.8932699606763767,
  "frozen_success_auc": 0.9325433515141978,
  "adapted_success_auc": 0.9065062158366514,
  "frozen_progress_auc_enc": 0.7135975693198279,
  "adapted_progress_auc_enc": 0.7135975693198279,
  "frozen_success_auc_enc": 0.6947981152074965,
  "adapted_success_auc_enc": 0.6947981152074965,
  "config": {
    "ckpt": "lab/.cache/swm/latest.pt",
    "adapt_lr": 6e-05,
    "adapt_steps": 1,
    "buffer_size": 5,
    "adapt_target": "predlast",
    "target_source": "frozen",
    "ema_decay": 0.996,
    "negatives": 8,
    "seed": 0
  }
}