{
  "n_steps": 5434,
  "n_runs": 110,
  "all": {
    "n": 5434,
    "frozen_div": 0.5211180538949576,
    "adapted_div": 0.3501688079211112,
    "div_reduction_pct": 32.80432230204499,
    "frozen_top1": 0.6456058561321719,
    "adapted_top1": 0.5948145421829633,
    "frozen_mrr": 0.7495549771865562,
    "adapted_mrr": 0.7174667437825333
  },
  "first_half": {
    "n": 2743,
    "frozen_div": 0.5320873627703293,
    "adapted_div": 0.41642596119929226,
    "div_reduction_pct": 21.737295351057085,
    "frozen_top1": 0.6781706971280431,
    "adapted_top1": 0.6533803216267671,
    "frozen_mrr": 0.7730854585119987,
    "adapted_mrr": 0.7596077171906556
  },
  "second_half": {
    "n": 2691,
    "frozen_div": 0.5099367776983226,
    "adapted_div": 0.2826313231786175,
    "div_reduction_pct": 44.57522274539266,
    "frozen_top1": 0.6124117428465254,
    "adapted_top1": 0.5351170568561873,
    "frozen_mrr": 0.7255698005698006,
    "adapted_mrr": 0.6745114520476839
  },
  "frozen_progress_auc": 0.898783627120132,
  "adapted_progress_auc": 0.8462081298944742,
  "frozen_success_auc": 0.9325433515141978,
  "adapted_success_auc": 0.8264314337942386,
  "frozen_progress_auc_enc": 0.7135975693198279,
  "adapted_progress_auc_enc": 0.6929749366768311,
  "frozen_success_auc_enc": 0.6947981152074965,
  "adapted_success_auc_enc": 0.692790599394499,
  "config": {
    "ckpt": "lab/.cache/swm/latest.pt",
    "adapt_lr": 0.0003,
    "adapt_steps": 1,
    "buffer_size": 5,
    "adapt_target": "predlast+enclast",
    "target_source": "student",
    "ema_decay": 0.996,
    "negatives": 8,
    "seed": 0
  }
}