{
  "n_steps": 5434,
  "n_runs": 110,
  "all": {
    "n": 5434,
    "frozen_div": 0.5211180538949576,
    "adapted_div": 0.45433207770023204,
    "div_reduction_pct": 12.81590144412607,
    "frozen_top1": 0.6456058561321719,
    "adapted_top1": 0.6371406371406372,
    "frozen_mrr": 0.7495549771865562,
    "adapted_mrr": 0.7451123437965543
  },
  "first_half": {
    "n": 2743,
    "frozen_div": 0.5320873627703293,
    "adapted_div": 0.5002434499442273,
    "div_reduction_pct": 5.984715115259584,
    "frozen_top1": 0.6781706971280431,
    "adapted_top1": 0.6763478754000081,
    "frozen_mrr": 0.7730854585119987,
    "adapted_mrr": 0.7722210648750932
  },
  "second_half": {
    "n": 2691,
    "frozen_div": 0.5099367776983226,
    "adapted_div": 0.40753352918099045,
    "div_reduction_pct": 20.081557753011033,
    "frozen_top1": 0.6124117428465254,
    "adapted_top1": 0.5971757710888146,
    "frozen_mrr": 0.7255698005698006,
    "adapted_mrr": 0.7174797826971739
  },
  "frozen_progress_auc": 0.898783627120132,
  "adapted_progress_auc": 0.8875595792914518,
  "frozen_success_auc": 0.9325433515141978,
  "adapted_success_auc": 0.9327796928552271,
  "frozen_progress_auc_enc": 0.7135975693198279,
  "adapted_progress_auc_enc": 0.6824636779335862,
  "frozen_success_auc_enc": 0.6947981152074965,
  "adapted_success_auc_enc": 0.6906430404501966,
  "config": {
    "ckpt": "lab/.cache/swm/latest.pt",
    "adapt_lr": 0.0003,
    "adapt_steps": 1,
    "buffer_size": 5,
    "adapt_target": "enclast",
    "target_source": "frozen",
    "ema_decay": 0.996,
    "negatives": 8,
    "seed": 0
  }
}